INSERT INTO `user`
(user_id, email, authority, group_count, created_at, updated_at, last_login_date, reference_group_id, active)
VALUES
(1, 'email1@example.com', 'FREE', 3, NOW(), NOW(), NOW(), 0, 1),
(2, 'email2@example.com', 'FREE', 3, NOW(), NOW(), NOW(), 0, 1),
(3, 'email3@example.com', 'FREE', 3, NOW(), NOW(), NOW(), 0, 1);

INSERT INTO group_set
(group_id, created_at, updated_at, client_count, name, user_id, is_deleted)
VALUES
(1, NOW(), NOW(), 7, '그룹1', 1, 0),
(2, NOW(), NOW(), 8, '그룹2', 1, 0),
(3, NOW(), NOW(), 5, '그룹3', 1, 0),
(4, NOW(), NOW(), 10, '그룹4', 2, 0),
(5, NOW(), NOW(), 14, '그룹5', 2, 0),
(6, NOW(), NOW(), 9, '그룹6', 2, 0),
(7, NOW(), NOW(), 7, '그룹7', 3, 0),
(8, NOW(), NOW(), 8, '그룹8', 3, 0),
(9, NOW(), NOW(), 9, '그룹9', 3, 0);


-- 그룹 1에 대한 클라이언트 데이터 (7개)
INSERT INTO client
(client_id, created_at, updated_at, address, detail, location, name, phone_number, group_id, client_image_id)
VALUES
(1, NOW(), NOW(), '서울특별시 강남구 삼성동', '201동 1004호', ST_PointFromText('POINT(37.509884 127.055939)', 4326), '홍길동', '010-1111-1111', 1, NULL),
(2, NOW(), NOW(), '서울특별시 강남구 논현동', '201동 104호', ST_PointFromText('POINT(37.511224 127.022772)', 4326), '김철수', '010-2222-2222', 1, NULL),
(3, NOW(), NOW(), '서울특별시 강남구 도곡동', '201동 1404호', ST_PointFromText('POINT(37.497917 127.051912)', 4326), '이영희', '010-3333-3333', 1, NULL),
(4, NOW(), NOW(), '서울특별시 서초구 방배동', '203동 1304호', ST_PointFromText('POINT(37.483815 126.991010)', 4326), '박민준', '010-4444-4444', 1, NULL),
(5, NOW(), NOW(), '서울특별시 서초구 잠원동', '206동 2004호', ST_PointFromText('POINT(37.512156 127.011595)', 4326), '이지은', '010-5555-5555', 1, NULL),
(6, NOW(), NOW(), '경기도 성남시 분당구', '401동 1004호', ST_PointFromText('POINT(37.378697 127.124298)', 4326), '김영수', '010-6666-6666', 1, NULL),
(7, NOW(), NOW(), '경기도 성남시 중원구', '501동 3004호', ST_PointFromText('POINT(37.429360 127.137918)', 4326), '정미경', '010-7777-7777', 1, NULL),
-- 그룹 2에 대한 클라이언트 데이터 (8개)
(8, NOW(), NOW(), '서울특별시 송파구 잠실동', '2동 301호실', ST_PointFromText('POINT(37.516308 127.084310)', 4326), '이동욱', '010-8888-8888', 2, NULL),
(9, NOW(), NOW(), '서울특별시 송파구 가락동', '2동 302호실', ST_PointFromText('POINT(37.498964 127.111271)', 4326), '김지영', '010-9999-9999', 2, NULL),
(10, NOW(), NOW(), '서울특별시 서초구 잠원동', '2동 303호실', ST_PointFromText('POINT(37.512156 127.011595)', 4326), '박성준', '010-1010-1010', 2, NULL),
(11, NOW(), NOW(), '서울특별시 강동구 천호동', '2동 304호실', ST_PointFromText('POINT(37.539662 127.126184)', 4326), '최영희', '010-1111-1111', 2, NULL),
(12, NOW(), NOW(), '서울특별시 강동구 성내동', '2동 305호실', ST_PointFromText('POINT(37.534824 127.131192)', 4326), '이승호', '010-1212-1212', 2, NULL),
(13, NOW(), NOW(), '경기도 용인시 기흥구', '2동 306호실', ST_PointFromText('POINT(37.280179 127.118276)', 4326), '홍길순', '010-1313-1313', 2, NULL),
(14, NOW(), NOW(), '경기도 성남시 중원구', '2동 307호실', ST_PointFromText('POINT(37.437372 127.157285)', 4326), '이준호', '010-1414-1414', 2, NULL),
(15, NOW(), NOW(), '경기도 성남시 분당구', '2동 308호실', ST_PointFromText('POINT(37.378697 127.124298)', 4326), '김민지', '010-1515-1515', 2, NULL),
-- 그룹 3에 대한 클라이언트 데이터 (5개)
(16, NOW(), NOW(), '인천광역시 서구 연희동', '1005번', ST_PointFromText('POINT(37.540550 126.674604)', 4326), '김철호', '010-1616-1616', 3, NULL),
(17, NOW(), NOW(), '인천광역시 남구 주안동', '1005번', ST_PointFromText('POINT(37.451617 126.678952)', 4326), '박지영', '010-1717-1717', 3, NULL),
(18, NOW(), NOW(), '인천광역시 계양구 작전동', '1005번', ST_PointFromText('POINT(37.533607 126.741686)', 4326), '정민수', '010-1818-1818', 3, NULL),
(19, NOW(), NOW(), '인천광역시 동구 송림동', '1005번', ST_PointFromText('POINT(37.473976 126.633113)', 4326), '이수진', '010-1919-1919', 3, NULL),
(20, NOW(), NOW(), '인천광역시 부평구 부평동', '1005번', ST_PointFromText('POINT(37.502014 126.719372)', 4326), '홍길동', '010-2020-2020', 3, NULL),
-- 그룹 4에 대한 클라이언트 데이터 (10개)
(21, NOW(), NOW(), '서울특별시 서초구 잠원동', '111호', ST_PointFromText('POINT(37.512156 127.011595)', 4326), '홍길동', '010-2121-2121', 4, NULL),
(22, NOW(), NOW(), '서울특별시 강남구 삼성동', '111호', ST_PointFromText('POINT(37.509884 127.055939)', 4326), '김철수', '010-2222-2222', 4, NULL),
(23, NOW(), NOW(), '서울특별시 강남구 논현동', '111호', ST_PointFromText('POINT(37.511224 127.022772)', 4326), '이영희', '010-2323-2323', 4, NULL),
(24, NOW(), NOW(), '서울특별시 강남구 도곡동', '111호', ST_PointFromText('POINT(37.497917 127.051912)', 4326), '박민준', '010-2424-2424', 4, NULL),
(25, NOW(), NOW(), '서울특별시 서초구 방배동', '111호', ST_PointFromText('POINT(37.483815 126.991010)', 4326), '이지은', '010-2525-2525', 4, NULL),
(26, NOW(), NOW(), '경기도 성남시 분당구', '111호', ST_PointFromText('POINT(37.378697 127.124298)', 4326), '김영수', '010-2626-2626', 4, NULL),
(27, NOW(), NOW(), '경기도 성남시 중원구', '111호', ST_PointFromText('POINT(37.429360 127.137918)', 4326), '정미경', '010-2727-2727', 4, NULL),
(28, NOW(), NOW(), '서울특별시 송파구 잠실동', '111호', ST_PointFromText('POINT(37.516308 127.084310)', 4326), '이동욱', '010-2828-2828', 4, NULL),
(29, NOW(), NOW(), '서울특별시 송파구 가락동', '111호', ST_PointFromText('POINT(37.498964 127.111271)', 4326), '김지영', '010-2929-2929', 4, NULL),
(30, NOW(), NOW(), '서울특별시 강동구 천호동', '111호', ST_PointFromText('POINT(37.539662 127.126184)', 4326), '최영희', '010-3030-3030', 4, NULL),
-- 그룹 5에 대한 클라이언트 데이터 (14개)
(31, NOW(), NOW(), '경기도 용인시 기흥구', '100동 21호', ST_PointFromText('POINT(37.280179 127.118276)', 4326), '홍길순', '010-3131-3131', 5, NULL),
(32, NOW(), NOW(), '경기도 성남시 중원구', '100동 21호', ST_PointFromText('POINT(37.437372 127.157285)', 4326), '이준호', '010-3232-3232', 5, NULL),
(33, NOW(), NOW(), '경기도 성남시 분당구', '100동 21호', ST_PointFromText('POINT(37.378697 127.124298)', 4326), '김민지', '010-3333-3333', 5, NULL),
(34, NOW(), NOW(), '경기도 부천시 소사구', '100동 21호', ST_PointFromText('POINT(37.487682 126.803100)', 4326), '박동희', '010-3434-3434', 5, NULL),
(35, NOW(), NOW(), '경기도 부천시 오정구', '100동 21호', ST_PointFromText('POINT(37.505893 126.771583)', 4326), '정지수', '010-3535-3535', 5, NULL),
(36, NOW(), NOW(), '경기도 수원시 장안구', '100동 21호', ST_PointFromText('POINT(37.300652 126.997877)', 4326), '김민성', '010-3636-3636', 5, NULL),
(37, NOW(), NOW(), '경기도 수원시 권선구', '100동 21호', ST_PointFromText('POINT(37.243875 127.019977)', 4326), '이나영', '010-3737-3737', 5, NULL),
(38, NOW(), NOW(), '서울특별시 강남구 삼성동', '100동 21호', ST_PointFromText('POINT(37.509884 127.055939)', 4326), '박영수', '010-3838-3838', 5, NULL),
(39, NOW(), NOW(), '서울특별시 강남구 논현동', '100동 21호', ST_PointFromText('POINT(37.511224 127.022772)', 4326), '김지은', '010-3939-3939', 5, NULL),
(40, NOW(), NOW(), '서울특별시 강남구 도곡동', '100동 21호', ST_PointFromText('POINT(37.497917 127.051912)', 4326), '이민준', '010-4040-4040', 5, NULL),
(41, NOW(), NOW(), '서울특별시 서초구 방배동', '100동 21호', ST_PointFromText('POINT(37.483815 126.991010)', 4326), '박지은', '010-4141-4141', 5, NULL),
(42, NOW(), NOW(), '서울특별시 서초구 잠원동', '100동 21호', ST_PointFromText('POINT(37.512156 127.011595)', 4326), '김영희', '010-4242-4242', 5, NULL),
(43, NOW(), NOW(), '서울특별시 송파구 잠실동', '100동 21호', ST_PointFromText('POINT(37.516308 127.084310)', 4326), '이지영', '010-4343-4343', 5, NULL),
(44, NOW(), NOW(), '서울특별시 송파구 가락동', '100동 21호', ST_PointFromText('POINT(37.498964 127.111271)', 4326), '최지현', '010-4444-4444', 5, NULL),
-- 그룹 6에 대한 클라이언트 데이터 (9개)
(45, NOW(), NOW(), '서울특별시 중구 회현동', '100호실', ST_PointFromText('POINT(37.559733 126.978736)', 4326), '홍길동', '010-4545-4545', 6, NULL),
(46, NOW(), NOW(), '서울특별시 중구 명동', '100호실', ST_PointFromText('POINT(37.561167 126.982634)', 4326), '김영희', '010-4646-4646', 6, NULL),
(47, NOW(), NOW(), '서울특별시 용산구 이태원동', '100호실', ST_PointFromText('POINT(37.534750 126.990322)', 4326), '이철수', '010-4747-4747', 6, NULL),
(48, NOW(), NOW(), '서울특별시 용산구 한남동', '100호실', ST_PointFromText('POINT(37.534307 127.004831)', 4326), '박지영', '010-4848-4848', 6, NULL),
(49, NOW(), NOW(), '서울특별시 마포구 합정동', '100호실', ST_PointFromText('POINT(37.549201 126.910991)', 4326), '김민수', '010-4949-4949', 6, NULL),
(50, NOW(), NOW(), '서울특별시 마포구 상암동', '100호실', ST_PointFromText('POINT(37.578457 126.888987)', 4326), '이나영', '010-5050-5050', 6, NULL),
(51, NOW(), NOW(), '서울특별시 강서구 등촌동', '100호실', ST_PointFromText('POINT(37.556014 126.864087)', 4326), '정민지', '010-5151-5151', 6, NULL),
(52, NOW(), NOW(), '서울특별시 강서구 화곡동', '100호실', ST_PointFromText('POINT(37.544895 126.843928)', 4326), '김성우', '010-5252-5252', 6, NULL),
(53, NOW(), NOW(), '경기도 고양시 일산동', '100호실', ST_PointFromText('POINT(37.670337 126.772477)', 4326), '박지은', '010-5353-5353', 6, NULL),
-- 그룹 7에 대한 클라이언트 데이터 (7개)
(54, NOW(), NOW(), '서울특별시 강동구 천호동', '200호실', ST_PointFromText('POINT(37.535065 127.132607)', 4326), '홍길동', '010-5454-5454', 7, NULL),
(55, NOW(), NOW(), '서울특별시 강동구 둔촌동', '200호실', ST_PointFromText('POINT(37.536394 127.147611)', 4326), '김영희', '010-5555-5555', 7, NULL),
(56, NOW(), NOW(), '서울특별시 송파구 잠실동', '200호실', ST_PointFromText('POINT(37.516308 127.084310)', 4326), '이철수', '010-5656-5656', 7, NULL),
(57, NOW(), NOW(), '서울특별시 송파구 석촌동', '200호실', ST_PointFromText('POINT(37.502040 127.093958)', 4326), '박지영', '010-5757-5757', 7, NULL),
(58, NOW(), NOW(), '경기도 성남시 분당구', '200호실', ST_PointFromText('POINT(37.378697 127.124298)', 4326), '김민수', '010-5858-5858', 7, NULL),
(59, NOW(), NOW(), '경기도 성남시 수내동', '200호실', ST_PointFromText('POINT(37.378697 127.114524)', 4326), '이나영', '010-5959-5959', 7, NULL),
(60, NOW(), NOW(), '경기도 고양시 일산동', '200호실', ST_PointFromText('POINT(37.670337 126.772477)', 4326), '김지은', '010-6060-6060', 7, NULL),
-- 그룹 8에 대한 클라이언트 데이터 (8개)
(61, NOW(), NOW(), '서울특별시 서초구 반포동', '300호실', ST_PointFromText('POINT(37.507322 127.000348)', 4326), '홍길동', '010-6161-6161', 8, NULL),
(62, NOW(), NOW(), '서울특별시 서초구 잠원동', '300호실', ST_PointFromText('POINT(37.512156 127.011595)', 4326), '김영희', '010-6262-6262', 8, NULL),
(63, NOW(), NOW(), '서울특별시 강남구 삼성동', '300호실', ST_PointFromText('POINT(37.514365 127.053697)', 4326), '이철수', '010-6363-6363', 8, NULL),
(64, NOW(), NOW(), '서울특별시 강남구 역삼동', '300호실', ST_PointFromText('POINT(37.500310 127.036891)', 4326), '박지영', '010-6464-6464', 8, NULL),
(65, NOW(), NOW(), '경기도 성남시 분당구', '300호실', ST_PointFromText('POINT(37.379239 127.137428)', 4326), '김민수', '010-6565-6565', 8, NULL),
(66, NOW(), NOW(), '경기도 성남시 수내동', '300호실', ST_PointFromText('POINT(37.378697 127.114524)', 4326), '이나영', '010-6666-6666', 8, NULL),
(67, NOW(), NOW(), '경기도 고양시 일산동', '300호실', ST_PointFromText('POINT(37.670337 126.772477)', 4326), '김지은', '010-6767-6767', 8, NULL),
(68, NOW(), NOW(), '경기도 고양시 일산서구', '300호실', ST_PointFromText('POINT(37.679873 126.740572)', 4326), '최민우', '010-6868-6868', 8, NULL);

-- 그룹 9에 이미지 추가
INSERT INTO client_image
(client_image_id,created_at, updated_at, original_name, saved_path, is_deleted)
VALUES
(1, NOW(), NOW(), 'aa.png', 'uuid-aa.png', 0),
(2, NOW(), NOW(), 'bb.png', 'uuid-bb.png', 0),
(3, NOW(), NOW(), 'cc.png', 'uuid-cc.png', 0),
(4, NOW(), NOW(), 'dd.png', 'uuid-dd.png', 0),
(5, NOW(), NOW(), 'ee.png', 'uuid-ee.png', 0),
(6, NOW(), NOW(), 'ff.png', 'uuid-ff.png', 0),
(7, NOW(), NOW(), 'gg.png', 'uuid-gg.png', 0),
(8, NOW(), NOW(), 'hh.png', 'uuid-hh.png', 0),
(9, NOW(), NOW(), 'ii.png', 'uuid-ii.png', 0);